Basal epithelial cells	#6394CE	Epithelial
Club cells	#2A4C87	Epithelial
Goblet cells	#EED500	Epithelial
Microfold cells	#ED5858	Epithelial
Ionocytes	#F6CBC2	Epithelial
Ciliated epithelial cells	#F5A2A2	Epithelial
Muc2 Cyp2g1 Olfactory epithelial cells	#3CA676	Epithelial
Tuba1b Hist1h1b Birc5 Olfactory epithelial cells	#6CC9D8	Epithelial
Macrophages	#EF4DB0	Immnue
Dendritic cells or Monocytes	#992269	Immnue
Neutrophils	#BCB34A	Immnue
Basophilic granulocytes	#74ACF3	Immnue
Eosinophilic granulocytes	#3E275B	Immnue
T cells	#FBEC7E	Immnue
B cells	#EC4D3D	Immnue
Fibroblasts 1	#EE807E	Fibro
Fibroblasts 2	#F7BDB5	Fibro
Fibroblasts 3	#DBDDE6	Fibro
Myofibroblasts	#F591E1	Fibro
Plp1 Fabp7 Mpz cells	#51678C	Fibro
Blood endothelial cells	#2FBCD3	Fibro
Ccl21a Mmrn1 Gng11 cells	#80CFC3	Fibro
Mitral tufted cells	#FBEFD1	Neural
Immature rostral migratory neurons	#EDB8B5	Neural
Immature olfactory sensory neurons	#5678A8	Neural
Olfactory sensory neurons	#2FB290	Neural
