Cluster	Ann
0	Olfactory sensory neurons
1	Basal epithelial cells
2	Basal epithelial cells
3	Basal epithelial cells
4	Immature olfactory sensory neurons
5	Eosinophilic granulocytes
6	Macrophages
7	Immature olfactory sensory neurons
8	Ionocytes
9	Muc2 Cyp2g1 Olfactory epithelial cells
10	Fibroblasts 1
11	Basal epithelial cells
12	Fibroblasts 2
13	Basophilic granulocytes
14	Dendritic cells or Monocytes
15	T cells
16	Goblet cells
17	Neutrophils
18	Mitral tufted cells
19	Myofibroblasts
20	Immature rostral migratory neurons
21	Basal epithelial cells
22	Fibroblasts 3
23	Basophilic granulocytes
24	Blood endothelial cells
25	Olfactory sensory neurons
26	B cells
27	Microfold cells
28	Club cells
29	Mitral tufted cells
30	Microfold cells
31	Olfactory sensory neurons
32	Ccl21a Mmrn1 Gng11 cells
33	Tuba1b Hist1h1b Birc5 Olfactory epithelial cells
34	Basophilic granulocytes
35	Plp1 Fabp7 Mpz cells
36	Olfactory sensory neurons
37	Basal epithelial cells
38	Basal epithelial cells
39	Muc2 Cyp2g1 Olfactory epithelial cells
40	Ciliated epithelial cells
